Workbook

Sheet شاخص تورم
A1: ماه | B1: شاخص قیمت مصرف‌کننده (کل کشور، مرکز آمار) | C1: توضیح
A2: مهر ۱۴۰۳ | B2: 271.8 | C2: آغاز دوره‌ی تعرفه‌ی شش‌ماهه‌ی دوم ۱۴۰۳ (فایل اکسل)
A3: فروردین ۱۴۰۴ | B3: 328.1 | C3: آغاز سال تعرفه‌ی ۱۴۰۴
A4: فروردین ۱۴۰۵ | B4: 569.3
A5: شهریور ۱۴۰۵ | B5: 729.8 | C5: آخرین ماه منتشرشده؛ تورم نقطه‌به‌نقطه ۸۹٫۸٪ و ماهانه ۴٫۲٪
A7: ضریب تورم ۱۴۰۳ (مهر) تا شهریور ۱۴۰۵ | B7: =B5/B2 -> 2.6850625
A8: ضریب تورم ۱۴۰۴ (فروردین) تا شهریور ۱۴۰۵ | B8: =B5/B3 -> 2.2243219
A9: افزایش مبنای پروپوزال نسبت به تعرفه‌ی ۱۴۰۴ | B9: 1.3
A11: منابع: مرکز آمار ایران (گزارش‌های رسانه‌ای شاخص خانوارهای کشور). مهر ۱۴۰۳: ۲۷۱٫۸؛ فروردین ۱۴۰۴: ۳۲۸٫۱؛ فروردین ۱۴۰۵: ۵۶۹٫۳؛ شهریور ۱۴۰۵: ۷۲۹٫۸. سلول‌های آبی ورودی‌اند و قابل تغییر.

Sheet مقایسه ردیف‌ها
A1: ردیف | B1: شرح | C1: تعرفه ۱۴۰۳ (ش۲) | D1: ۱۴۰۳ × تورم تا امروز | E1: تعرفه ۱۴۰۴ | F1: ۱۴۰۴ × ۱٫۳ (پروپوزال) | G1: ۱۴۰۴ × تورم تا امروز | H1: نسبت ۱۴۰۴ به ۱۴۰۳ | I1: نسبت پروپوزال به ۱۴۰۳ تورم‌یافته
A2: 020901 | B2: کنترل میدانی (اکیپ‌روز، ۴ نفر؛ بدون n1) | C2: 18.4 | D2: =C2*'شاخص تورم'!$B$7 -> 49.405151 | E2: 39.8 | F2: =E2*'شاخص تورم'!$B$9 -> 51.74 | G2: =E2*'شاخص تورم'!$B$8 -> 88.52801 | H2: =E2/C2 -> 2.1630435 | I2: =F2/D2 -> 1.0472592
A3: 020102 | B3: خودرو دوکابین (روز) | C3: 11.28 | D3: =C3*'شاخص تورم'!$B$7 -> 30.287506 | E3: 14.1 | F3: =E3*'شاخص تورم'!$B$9 -> 18.33 | G3: =E3*'شاخص تورم'!$B$8 -> 31.362938 | H3: =E3/C3 -> 1.25 | I3: =F3/D3 -> 0.60520005
A4: 020201 | B4: اسکان و تجهیز محل (روز؛ شامل تغذیه) | C4: 11.85 | D4: =C4*'شاخص تورم'!$B$7 -> 31.817991 | E4: 13.4 | F4: =E4*'شاخص تورم'!$B$9 -> 17.42 | G4: =E4*'شاخص تورم'!$B$8 -> 29.805913 | H4: =E4/C4 -> 1.1308017 | I4: =F4/D4 -> 0.54748899
A5: 020101 | B5: اعزام اولیه اکیپ (هر بار) | C5: 25 | D5: =C5*'شاخص تورم'!$B$7 -> 67.126564 | E5: 35.25 | F5: =E5*'شاخص تورم'!$B$9 -> 45.825 | G5: =E5*'شاخص تورم'!$B$8 -> 78.407345 | H5: =E5/C5 -> 1.41 | I5: =F5/D5 -> 0.68266566
A6: 010401 | B6: سازماندهی و طراحی عملیات صحرایی (۱۰۰ km²) | C6: 59 | D6: =C6*'شاخص تورم'!$B$7 -> 158.41869 | E6: 43 | F6: =E6*'شاخص تورم'!$B$9 -> 55.9 | G6: =E6*'شاخص تورم'!$B$8 -> 95.64584 | H6: =E6/C6 -> 0.72881356 | I6: =F6/D6 -> 0.3528624
A7: 010501 | B7: مطالعه گزارش‌ها و انتقال اطلاعات | C7: 42.5 | D7: =C7*'شاخص تورم'!$B$7 -> 114.11516 | E7: 60.1 | F7: =E7*'شاخص تورم'!$B$9 -> 78.13 | G7: =E7*'شاخص تورم'!$B$8 -> 133.68174 | H7: =E7/C7 -> 1.4141176 | I7: =F7/D7 -> 0.68465926
A8: 061601 | B8: پایگاه داده GIS فاز شناسایی | C8: 82 | D8: =C8*'شاخص تورم'!$B$7 -> 220.17513 | E8: 115.55 | F8: =E8*'شاخص تورم'!$B$9 -> 150.215 | G8: =E8*'شاخص تورم'!$B$8 -> 257.02039 | H8: =E8/C8 -> 1.4091463 | I8: =F8/D8 -> 0.68225235
A9: 0601xx | B9: هر یک از ردیف‌های تحلیل داده (۷ ردیف) | C9: 79 | D9: =C9*'شاخص تورم'!$B$7 -> 212.11994 | E9: 111.4 | F9: =E9*'شاخص تورم'!$B$9 -> 144.82 | G9: =E9*'شاخص تورم'!$B$8 -> 247.78945 | H9: =E9/C9 -> 1.4101266 | I9: =F9/D9 -> 0.68272695
A10: 060108 | B10: شرح خدمات / طرح توجیهی اکتشاف | C10: 100 | D10: =C10*'شاخص تورم'!$B$7 -> 268.50625 | E10: 152.9 | F10: =E10*'شاخص تورم'!$B$9 -> 198.77 | G10: =E10*'شاخص تورم'!$B$8 -> 340.09881 | H10: =E10/C10 -> 1.529 | I10: =F10/D10 -> 0.74028071
A11: 061301 | B11: گزارش پایانی فاز اکتشافی | C11: 101 | D11: =C11*'شاخص تورم'!$B$7 -> 271.19132 | E11: 141.9 | F11: =E11*'شاخص تورم'!$B$9 -> 184.47 | G11: =E11*'شاخص تورم'!$B$8 -> 315.63127 | H11: =E11/C11 -> 1.4049505 | I11: =F11/D11 -> 0.68022089
A13: یادداشت: واحد ریال تعرفه‌ها به میلیون تومان تبدیل شده است. ردیف ۰۶۰۱۰۵ (رادیومتری) در فایل ۱۴۰۳ نظیر مستقیم ندارد؛ ردیف‌های ۰۶۰۱xx در هر دو سال با هم برابرند.

Sheet مقایسه جمع کل
A1: سناریو | B1: مبنای نرخ | C1: ضریب | D1: دستمزد اکیپ‌روز (با n1=۱٫۳۵۵) | E1: جمع اکیپ‌روز (دستمزد+خودرو+اسکان) | F1: جمع بخش میدانی (۱۵۳ اکیپ‌روز + ۲ اعزام اولیه + ۶ اعزام مجدد) | G1: ردیف ۰۱۰۱۰۱ | H1: ردیف‌های ستاره‌دار (۳۰٪) | I1: جمع کل (میلیون تومان) | J1: جمع کل (میلیارد تومان) | K1: نسبت به پروپوزال
A2: ۱۴۰۳ (ش۲) بدون تورم | B2: تعرفه | C2: 1 | D2: 24.93 | E2: 48.06 | F2: 7894.5 | G2: 112.1 | H2: 4467.1 | I2: 14890.3 | J2: =I2/1000 -> 14.8903 | K2: =I2/$I$5 -> 0.50943758
A3: ۱۴۰۳ (ش۲) × تورم تا شهریور ۱۴۰۵ | B3: تعرفه | C3: 2.685 | D3: 66.94 | E3: 129.05 | F3: 21197.2 | G3: 300.9 | H3: 11994.4 | I3: 39981.3 | J3: =I3/1000 -> 39.9813 | K3: =I3/$I$5 -> 1.3678688
A4: ۱۴۰۴ بدون افزایش | B4: تعرفه | C4: 1 | D4: 53.93 | E4: 81.43 | F4: 13221.4 | G4: 146 | H4: 6745.1 | I4: 22483.8 | J4: =I4/1000 -> 22.4838 | K4: =I4/$I$5 -> 0.76923182
A5: ۱۴۰۴ × ۱٫۳ (پروپوزال فعلی) | B5: تعرفه | C5: 1.3 | D5: 70.11 | E5: 105.86 | F5: 17187.9 | G5: 189.7 | H5: 8768.7 | I5: 29228.9 | J5: =I5/1000 -> 29.2289 | K5: =I5/$I$5 -> 1
A6: ۱۴۰۴ × تورم تا شهریور ۱۴۰۵ | B6: تعرفه | C6: 2.224 | D6: 119.96 | E6: 181.12 | F6: 29408.7 | G6: 324.7 | H6: 15003.4 | I6: 50011.2 | J6: =I6/1000 -> 50.0112 | K6: =I6/$I$5 -> 1.7110189
A8: روش: همه‌ی سناریوها با همان ساختار پروپوزال حساب شده‌اند: ۱۵۳ اکیپ‌روز، n1 = ۱٫۳۵۵ روی ردیف ۰۲۰۹۰۱، ردیف‌های ستاره‌دار = ۳۰٪ کل (بند ۳-۶)، ردیف ۰۱۰۱۰۱ از فرمول فصل اول با p1 منفی.
A9: مبلغ اعزام مجدد (۱۵۰ میلیون در پروپوزال) متناسب با ردیف ۰۲۰۱۰۱ هر سناریو تغییر داده شده است. غذا در ردیف اسکان لحاظ است.
A10: سناریوی D و E فقط برای مقایسه‌اند و تورم را ندارند. تورم تا شهریور ۱۴۰۵ با شاخص قیمت مصرف‌کننده‌ی مرکز آمار حساب شده است.
